prompt,true_label,pred_label,is_correct,gen_text
"<|im_start|>system
You are a smart contract security expert. Analyze the contract below step-by-step to determine if it contains a vulnerability using a structured reasoning process.<|im_end|>
<|im_start|>user
You are auditing smart contract functions. Follow the thought process to determine whether a vulnerability exists.

Functions to analyze:
function handlePackage(payload, proof, height, packageSequence, channelId) {
 require(validateMerkleProof(getAppHash(height), STORE_NAME, generateKey(packageSequence, channelId), payload, proof));
 (success, packageType, relayFee, msgBytes) = decodePayloadHeader(payload);
 if (packageType == SYN_PACKAGE) {
 responsePayload = IApplication(handler).handleSynPackage(channelId, msgBytes);
 if (responsePayload.length != 0) {
 sendPackage(channelSendSequenceMap[channelId], channelId, encodePayload(ACK_PACKAGE, 0, responsePayload));
 channelSendSequenceMap[channelId]++;
 }
 } else if (packageType == ACK_PACKAGE) {
 IApplication(handler).handleAckPackage(channelId, msgBytes);
 } else if (packageType == FAIL_ACK_PACKAGE) {
 IApplication(handler).handleFailAckPackage(channelId, msgBytes);
 }
 IRelayerIncentivize(INCENTIVIZE_ADDR).addReward(headerRelayer, msg.sender, relayFee, condition);
}

function validateMerkleProof(appHash, storeName, key, value, proof) {
 if (appHash == 0) return false;
 success = staticcall(0x65, input);
 return result == 1;
}

func (pin ProofInnerNode) Hash(childHash []byte) ([]byte, error) {
 if len(pin.Left) == 0 {
 hash(pin.Height, pin.Size, pin.Version, childHash, pin.Right);
 } else {
 hash(pin.Height, pin.Size, pin.Version, pin.Left, childHash);
 }
}

func (h *Header) Validate(chainID string) error {
 if h.ValidatorSet == nil || h.NextValidatorSet == nil { return error }
 if h.ValidatorsHash != h.ValidatorSet.Hash() { return error }
 if h.NextValidatorsHash != h.NextValidatorSet.Hash() { return error }
}

func DefaultProofRuntime() {
 register(SimpleValueOpDecoder);
 register(IAVLValueOpDecoder);
 register(IAVLAbsenceOpDecoder);
 register(MultiStoreProofOpDecoder);
}

=== Note ===
You may pay special attention to the following potential issue when auditing the contract:
""Proof nodes may exclude or bypass validation of some fields, enabling attackers to craft invalid proofs that still produce a valid root hash.""
However, feel free to report any other vulnerabilities you find.

Start with:
Label: Yes or Label: No

Then reason step-by-step:
- Step 1: What do the functions do?
- Step 2: What are the critical operations?
- Step 3: What assumptions are being made?
- Step 4: Are the assumptions enforced?
- Step 5: Final explanation of the vulnerability decision<|im_end|>
<|im_start|>assistant
",Yes,Yes,1,"Label: Yes

Reason:**Step 1: Behavior Summary**
- `handlePackage`: Verifies Merkle proof, decodes payload, handles syn, ack, or fail ack packages, and invokes reward fulfillment for relayers.
- `validateMerkleProof`: Validates Merkle proof using Solanaâ€™s `validateMerkleProof` function.
- `Hash`: Computes hash of a Merkle proof node by merging left and right branches with height, size, and version.
- `Header.Validate`: Confirms presence and correctness of validator sets and hashes.
- `DefaultProofRuntime`: Registers proof node hashing functions.

**Step 2: Security-Critical Logic**
- Merkle proof verification via `validateMerkleProof`.
- Decoding of arbitrary payloads without constraints.
- Invoking external contracts (`IApplication` and `IRelayerIncentivize`) with decoded data.
- State changes via `sendPackage` and reward fulfillment.
- Merkle tree node hashing with partial state (`pin.Left` and `pin.Right`).

**Step 3: Assumptions**
- The payload and proof are well-formed and correctly represent the intended transaction.
- The external contracts called (`IApplication` and `IRelayerIncentivize`) are trusted or properly implemented.
- Merkle proof node hashing logic is consistent and complete.

**Step 4: Assumption Enforcement**
- Merkle proof validity is enforced via `validateMerkleProof` (checked).
- No enforcement on payload structure or content type.
- External contract calls are unguarded.
- Merkle tree node hashing logic does not enforce integrity or authenticity of partial leaf values.

**Step 5: Vulnerability Conclusion**
A vulnerability exists because the Merkle proof node hashing function allows construction of invalid proofs where `pin.Left` and `pin.Right` are bypassed or set arbitrarily. This enables attackers to manufacture proofs that produce a valid root hash without accurately representing any real transaction data. Consequently, authorized relayers process fake packages as valid responses, leading to unauthorized fund processing and reward claims. The lack of constraints on payload decoding and external contract calls exacerbates the issue by enabling arbitrary behavior once proof validity is bypassed."
